category,min,max,mean,stddev,sum,count
154.0,0.4666,1.3136,0.791935,0.186979220771,31.6774,40
156.0,0.4043,1.7582,1.16032727273,0.381232645109,25.5272,22
