category,min,max,mean,stddev,sum,count
154.0,0.3605,2.4763,0.7972275,0.40891646441,31.8891,40
156.0,0.4263,2.9862,1.15676363636,0.534082093338,25.4488,22
